{
    "0": {
        "precision": 0.9974314175857852,
        "recall": 0.9982608915618458,
        "f1-score": 0.9978459821957707,
        "support": 316254.0
    },
    "1": {
        "precision": 0.9982594440980914,
        "recall": 0.9974292815268739,
        "f1-score": 0.9978441901478067,
        "support": 316254.0
    },
    "accuracy": 0.9978450865443599,
    "macro avg": {
        "precision": 0.9978454308419383,
        "recall": 0.9978450865443599,
        "f1-score": 0.9978450861717887,
        "support": 632508.0
    },
    "weighted avg": {
        "precision": 0.9978454308419383,
        "recall": 0.9978450865443599,
        "f1-score": 0.9978450861717887,
        "support": 632508.0
    }
}