{
    "0": {
        "precision": 0.943445312641636,
        "recall": 0.9872981843707905,
        "f1-score": 0.9648737345644677,
        "support": 316254.0
    },
    "1": {
        "precision": 0.9866790027656738,
        "recall": 0.9408165588419435,
        "f1-score": 0.9632021598943361,
        "support": 316254.0
    },
    "accuracy": 0.9640573716063671,
    "macro avg": {
        "precision": 0.9650621577036549,
        "recall": 0.964057371606367,
        "f1-score": 0.9640379472294018,
        "support": 632508.0
    },
    "weighted avg": {
        "precision": 0.9650621577036549,
        "recall": 0.9640573716063671,
        "f1-score": 0.9640379472294017,
        "support": 632508.0
    }
}