{
    "0": {
        "precision": 0.993349261484344,
        "recall": 0.9965028110316392,
        "f1-score": 0.9949235373599868,
        "support": 316254.0
    },
    "1": {
        "precision": 0.9964916732751784,
        "recall": 0.9933281476281723,
        "f1-score": 0.9949073956776204,
        "support": 316254.0
    },
    "accuracy": 0.9949154793299058,
    "macro avg": {
        "precision": 0.9949204673797611,
        "recall": 0.9949154793299058,
        "f1-score": 0.9949154665188036,
        "support": 632508.0
    },
    "weighted avg": {
        "precision": 0.9949204673797614,
        "recall": 0.9949154793299058,
        "f1-score": 0.9949154665188036,
        "support": 632508.0
    }
}