{
    "0": {
        "precision": 0.9972750236817177,
        "recall": 0.9986814396023449,
        "f1-score": 0.9979777361388031,
        "support": 316254.0
    },
    "1": {
        "precision": 0.9986795774647887,
        "recall": 0.9972711807597691,
        "f1-score": 0.9979748822109223,
        "support": 316254.0
    },
    "accuracy": 0.997976310181057,
    "macro avg": {
        "precision": 0.9979773005732533,
        "recall": 0.997976310181057,
        "f1-score": 0.9979763091748628,
        "support": 632508.0
    },
    "weighted avg": {
        "precision": 0.9979773005732533,
        "recall": 0.997976310181057,
        "f1-score": 0.9979763091748628,
        "support": 632508.0
    }
}