{
    "0": {
        "precision": 0.9991529789540554,
        "recall": 0.9996237201742902,
        "f1-score": 0.999388294130943,
        "support": 316254.0
    },
    "1": {
        "precision": 0.9996235428101422,
        "recall": 0.9991525798883176,
        "f1-score": 0.9993880058637578,
        "support": 316254.0
    },
    "accuracy": 0.999388150031304,
    "macro avg": {
        "precision": 0.9993882608820988,
        "recall": 0.999388150031304,
        "f1-score": 0.9993881499973504,
        "support": 632508.0
    },
    "weighted avg": {
        "precision": 0.9993882608820988,
        "recall": 0.999388150031304,
        "f1-score": 0.9993881499973503,
        "support": 632508.0
    }
}