{
    "0": {
        "precision": 0.9994751502619507,
        "recall": 0.9995604798674483,
        "f1-score": 0.999517813243536,
        "support": 316254.0
    },
    "1": {
        "precision": 0.9995604423404706,
        "recall": 0.9994751054532116,
        "f1-score": 0.9995177720753667,
        "support": 316254.0
    },
    "accuracy": 0.99951779266033,
    "macro avg": {
        "precision": 0.9995177963012106,
        "recall": 0.99951779266033,
        "f1-score": 0.9995177926594514,
        "support": 632508.0
    },
    "weighted avg": {
        "precision": 0.9995177963012106,
        "recall": 0.99951779266033,
        "f1-score": 0.9995177926594513,
        "support": 632508.0
    }
}