{
    "0": {
        "precision": 0.9533269116547312,
        "recall": 0.9795133025985442,
        "f1-score": 0.9662427186737264,
        "support": 316254.0
    },
    "1": {
        "precision": 0.9789346711448237,
        "recall": 0.9520448753217351,
        "f1-score": 0.9653025467241404,
        "support": 316254.0
    },
    "accuracy": 0.9657790889601396,
    "macro avg": {
        "precision": 0.9661307913997774,
        "recall": 0.9657790889601396,
        "f1-score": 0.9657726326989333,
        "support": 632508.0
    },
    "weighted avg": {
        "precision": 0.9661307913997774,
        "recall": 0.9657790889601396,
        "f1-score": 0.9657726326989334,
        "support": 632508.0
    }
}